Workbook

Sheet 예약장부
A1: Stay Pachira · 픽업/드랍오프 운영장부
A2: 파란 글자 셀에 입력 · 회색 셀(월·세금·세금포함총액·호스트부담)은 자동 계산
A4: 번호 | B4: 월 | C4: 날짜 | D4: 시간 | E4: 구분 | F4: 대표게스트 | G4: 항공편 | H4: 인원 | I4: 경로 | J4: 도착지 | K4: 공급가 | L4: 세금(10%) | M4: 세금포함 총액 | N4: 게스트지불 | O4: 호스트부담 | P4: 입금상태 | Q4: 메모 | R4: 차량번호 | S4: 기사연락처 | T4: 배차상태
A5: 1 | B5: =IF(C5="","미정",TEXT(C5,"yyyy-mm")) -> 2026-07 | C5: 46204 | D5: 11:20 | E5: 픽업 | F5: Peter Dai Petersen | G5: AY0041 핀에어 | H5: 6 | I5: 인천공항 → 이태원 | J5: 파키라하우스 (이연공방) | K5: 100000 | L5: =IF(K5="","",ROUND(K5*0.1,0)) -> 10000 | M5: =IF(K5="","",K5+L5) -> 110000 | N5: 0 | O5: =IF(M5="","",M5-N5) -> 110000 | P5: 입금완료 | Q5: 헬싱키발
A6: 2 | B6: =IF(C6="","미정",TEXT(C6,"yyyy-mm")) -> 2026-07 | C6: 46204 | D6: 12:20 | E6: 픽업 | F6: Jennifer Wilson | G6: MM737 피치 | H6: 5 | I6: 김포공항 → 이태원 | J6: 파키라하우스 (이연공방) | K6: 80000 | L6: =IF(K6="","",ROUND(K6*0.1,0)) -> 8000 | M6: =IF(K6="","",K6+L6) -> 88000 | N6: 0 | O6: =IF(M6="","",M6-N6) -> 88000 | P6: 입금완료 | Q6: 오사카발 / 김포 T1
A7: 3 | B7: =IF(C7="","미정",TEXT(C7,"yyyy-mm")) -> 2026-07 | C7: 46214 | D7: 14:00 | E7: 픽업 | F7: Nayada Teerawongwirat | G7: TW404 티웨이 | H7: 4 | I7: 인천공항 → 홍대 | J7: 와우산로 | K7: 90000 | L7: =IF(K7="","",ROUND(K7*0.1,0)) -> 9000 | M7: =IF(K7="","",K7+L7) -> 99000 | N7: 0 | O7: =IF(M7="","",M7-N7) -> 99000 | P7: 입금완료 | Q7: 성인4+유아1 / 인천 T1
A8: 4 | B8: =IF(C8="","미정",TEXT(C8,"yyyy-mm")) -> 2026-07 | C8: 46215 | D8: 14:50 | E8: 픽업 | F8: Chernova Viktoriia | G8: MU2073 중국동방 | H8: 4 | I8: 인천공항 → 이태원 | J8: 파키라하우스 (이연공방) | K8: 90000 | L8: =IF(K8="","",ROUND(K8*0.1,0)) -> 9000 | M8: =IF(K8="","",K8+L8) -> 99000 | N8: 0 | O8: =IF(M8="","",M8-N8) -> 99000 | P8: 입금완료
A9: 5 | B9: =IF(C9="","미정",TEXT(C9,"yyyy-mm")) -> 2026-07 | C9: 46224 | D9: 18:35 | E9: 픽업 | F9: Annika Norr | G9: SK987 스칸디나비아 | H9: 4 | I9: 인천공항 → 이태원 | J9: 파키라하우스 (이연공방) | K9: 90000 | L9: =IF(K9="","",ROUND(K9*0.1,0)) -> 9000 | M9: =IF(K9="","",K9+L9) -> 99000 | N9: 0 | O9: =IF(M9="","",M9-N9) -> 99000 | P9: 입금완료 | Q9: 코펜하겐발
A10: 6 | B10: =IF(C10="","미정",TEXT(C10,"yyyy-mm")) -> 2026-07 | C10: 46228 | D10: 20:00 | E10: 픽업 | F10: Chen Chien-Tung | G10: TW672 티웨이 | H10: 3 | I10: 인천공항 → 홍대 | J10: 와우산로 | K10: 85000 | L10: =IF(K10="","",ROUND(K10*0.1,0)) -> 8500 | M10: =IF(K10="","",K10+L10) -> 93500 | N10: 0 | O10: =IF(M10="","",M10-N10) -> 93500 | P10: 입금완료 | Q10: 성인2+아동1(12세)
A11: 7 | B11: =IF(C11="","미정",TEXT(C11,"yyyy-mm")) -> 2026-07 | C11: 46231 | D11: 18:30 | E11: 드랍오프 | F11: Norr | H11: 4 | I11: 이태원 → 인천공항 | J11: 파키라하우스 (이연공방) 출발 | K11: 80000 | L11: =IF(K11="","",ROUND(K11*0.1,0)) -> 8000 | M11: =IF(K11="","",K11+L11) -> 88000 | N11: 0 | O11: =IF(M11="","",M11-N11) -> 88000 | P11: 입금예정 | Q11: 숙소출발 18:30
A12: 8 | B12: =IF(C12="","미정",TEXT(C12,"yyyy-mm")) -> 2026-07 | C12: 46233 | D12: 17:40 | E12: 픽업 | F12: Pablo Roman Quevedo | G12: TK90 터키항공 | H12: 7 | I12: 인천공항 → 이태원 | J12: 스테이파키라 (CU건물) | K12: 100000 | L12: =IF(K12="","",ROUND(K12*0.1,0)) -> 10000 | M12: =IF(K12="","",K12+L12) -> 110000 | N12: 0 | O12: =IF(M12="","",M12-N12) -> 110000 | P12: 입금예정 | Q12: 7명 - 차량 정원 확인
A13: 9 | B13: =IF(C13="","미정",TEXT(C13,"yyyy-mm")) -> 2026-07 | C13: 46233 | D13: 17:30 | E13: 픽업 | F13: Shaveena Jeyaraj | G13: AC61 에어캐나다 | H13: 5 | I13: 인천공항 → 이태원 | J13: 파키라하우스 2층 (이연공방) | K13: 100000 | L13: =IF(K13="","",ROUND(K13*0.1,0)) -> 10000 | M13: =IF(K13="","",K13+L13) -> 110000 | N13: 0 | O13: =IF(M13="","",M13-N13) -> 110000 | P13: 입금예정 | Q13: 같은날 Pablo건과 시간 중복
A14: 10 | B14: =IF(C14="","미정",TEXT(C14,"yyyy-mm")) -> 2026-07 | C14: 46234 | E14: 픽업 | F14: Bella | G14: OZ360 아시아나 | H14: 5 | I14: 인천공항 → 이태원 | J14: 스테이파키라 6층 (CU건물) | K14: 100000 | L14: =IF(K14="","",ROUND(K14*0.1,0)) -> 10000 | M14: =IF(K14="","",K14+L14) -> 110000 | N14: 0 | O14: =IF(M14="","",M14-N14) -> 110000 | P14: 입금예정 | Q14: ※ 도착시간 미확인 / 무료픽업
A15: 11 | B15: =IF(C15="","미정",TEXT(C15,"yyyy-mm")) -> 2026-07 | C15: 46234 | D15: 17:00 | E15: 픽업 | F15: Familie Hillenaar | G15: KE926 대한항공 | H15: 7 | I15: 인천공항 → 이태원 | J15: 파키라하우스 3층 (이연공방) | K15: 100000 | L15: =IF(K15="","",ROUND(K15*0.1,0)) -> 10000 | M15: =IF(K15="","",K15+L15) -> 110000 | N15: 0 | O15: =IF(M15="","",M15-N15) -> 110000 | P15: 입금예정 | Q15: 성인4+아동3(1·4·9세) / 카시트2개 / 예약번호 6332018117
A16: 12 | B16: =IF(C16="","미정",TEXT(C16,"yyyy-mm")) -> 2026-08 | C16: 46237 | D16: 21:30 | E16: 드랍오프 | F16: Gaby | H16: 4 | I16: 이태원 → 인천공항 T1 | J16: 파키라하우스 1층 (이연공방) 출발 | K16: 80000 | L16: =IF(K16="","",ROUND(K16*0.1,0)) -> 8000 | M16: =IF(K16="","",K16+L16) -> 88000 | N16: 0 | O16: =IF(M16="","",M16-N16) -> 88000 | P16: 입금예정 | Q16: ※ 캐리어 6개 - 대형차량 필수
A17: 13 | B17: =IF(C17="","미정",TEXT(C17,"yyyy-mm")) -> 2026-08 | C17: 46241 | D17: 08:25 | E17: 픽업 | F17: Mayurada | G17: LJ002 진에어 | H17: 5 | I17: 인천공항 → 이태원 | J17: 스테이파키라 (CU건물) | K17: 100000 | L17: =IF(K17="","",ROUND(K17*0.1,0)) -> 10000 | M17: =IF(K17="","",K17+L17) -> 110000 | N17: 0 | O17: =IF(M17="","",M17-N17) -> 110000 | P17: 미입금 | Q17: ※ 편명·도착공항 확인 필요
A18: 14 | B18: =IF(C18="","미정",TEXT(C18,"yyyy-mm")) -> 2026-08 | C18: 46244 | D18: 09:35 | E18: 픽업 | F18: PIMBERT | G18: AF0264 에어프랑스 | H18: 3 | I18: 인천공항 → 홍대 | J18: 와우산로 | K18: 85000 | L18: =IF(K18="","",ROUND(K18*0.1,0)) -> 8500 | M18: =IF(K18="","",K18+L18) -> 93500 | N18: 0 | O18: =IF(M18="","",M18-N18) -> 93500 | P18: 미입금 | Q18: ※ 도착공항 확인 필요
A19: 15 | B19: =IF(C19="","미정",TEXT(C19,"yyyy-mm")) -> 2026-08 | C19: 46247 | D19: 10:55 | E19: 픽업 | F19: Nan | G19: MU5071 중국동방 | H19: 4 | I19: 인천공항 → 이태원 | J19: 스테이파키라 (CU건물) | K19: 90000 | L19: =IF(K19="","",ROUND(K19*0.1,0)) -> 9000 | M19: =IF(K19="","",K19+L19) -> 99000 | N19: 0 | O19: =IF(M19="","",M19-N19) -> 99000 | P19: 입금완료 | Q19: 인천 T1 / 인원 3~4명
A20: 16 | B20: =IF(C20="","미정",TEXT(C20,"yyyy-mm")) -> 2026-08 | C20: 46249 | D20: 12:50 | E20: 픽업 | F20: Julia Hussmann-Medrano | G20: KE938 대한항공 | H20: 5 | I20: 인천공항 → 이태원 | J20: 파키라하우스 (이연공방) | K20: 100000 | L20: =IF(K20="","",ROUND(K20*0.1,0)) -> 10000 | M20: =IF(K20="","",K20+L20) -> 110000 | N20: 0 | O20: =IF(M20="","",M20-N20) -> 110000 | P20: 입금완료 | Q20: 성인2+아동3(11·7·5세) / 항공편 20분 지연(12:30→12:50)
A21: 17 | B21: =IF(C21="","미정",TEXT(C21,"yyyy-mm")) -> 2026-08 | C21: 46259 | D21: 16:10 | E21: 픽업 | F21: Vincenza Quarato | G21: TW406 티웨이 | H21: 6 | I21: 인천공항 → 이태원 | J21: 파키라하우스 3층 (이연공방) | K21: 100000 | L21: =IF(K21="","",ROUND(K21*0.1,0)) -> 10000 | M21: =IF(K21="","",K21+L21) -> 110000 | N21: 70000 | O21: =IF(M21="","",M21-N21) -> 40000 | P21: 미입금 | Q21: 로마 FCO발 / 가족6인 / 게스트 70,000 직접지불
A22: 18 | B22: =IF(C22="","",TEXT(C22,"yyyy-mm")) -> 2026-08 | C22: 46238 | D22: 14:00 | E22: 드랍오프 | F22: (대표게스트명 미확인) | H22: 7 | I22: 이태원 → 인천 영종 | J22: 인천 중구 영종 해맞이길 21, 2층 | K22: 90000 | L22: =IF(K22="","",ROUND(K22*0.1,0)) -> 9000 | M22: =IF(K22="","",K22+L22) -> 99000 | N22: 90000 | O22: =IF(M22="","",M22-N22) -> 9000 | P22: 미입금 | Q22: ※ 게스트 직접지불 / 공항 아닌 영종도 숙소 - 주소 재확인
A23: 19 | B23: =IF(C23="","",TEXT(C23,"yyyy-mm")) -> 2026-08 | C23: 46254 | D23: 15:50 | E23: 픽업 | F23: Anna Tran | G23: YP102 에어프레미아 | H23: 3 | I23: 인천공항 → 홍대 | J23: 와우산로 (홍대) | K23: 85000 | L23: =IF(K23="","",ROUND(K23*0.1,0)) -> 8500 | M23: =IF(K23="","",K23+L23) -> 93500 | N23: 0 | O23: =IF(M23="","",M23-N23) -> 93500 | P23: 미입금 | R23: 경기87바8297 | S23: 010-3033-0992 | T23: 배차완료
A24: 20 | B24: =IF(C24="","",TEXT(C24,"yyyy-mm")) | L24: =IF(K24="","",ROUND(K24*0.1,0)) | M24: =IF(K24="","",K24+L24) | O24: =IF(M24="","",M24-N24)
A25: 21 | B25: =IF(C25="","",TEXT(C25,"yyyy-mm")) | L25: =IF(K25="","",ROUND(K25*0.1,0)) | M25: =IF(K25="","",K25+L25) | O25: =IF(M25="","",M25-N25)
A26: 22 | B26: =IF(C26="","",TEXT(C26,"yyyy-mm")) | L26: =IF(K26="","",ROUND(K26*0.1,0)) | M26: =IF(K26="","",K26+L26) | O26: =IF(M26="","",M26-N26)
A27: 23 | B27: =IF(C27="","",TEXT(C27,"yyyy-mm")) | L27: =IF(K27="","",ROUND(K27*0.1,0)) | M27: =IF(K27="","",K27+L27) | O27: =IF(M27="","",M27-N27)
A28: 24 | B28: =IF(C28="","",TEXT(C28,"yyyy-mm")) | L28: =IF(K28="","",ROUND(K28*0.1,0)) | M28: =IF(K28="","",K28+L28) | O28: =IF(M28="","",M28-N28)
A29: 25 | B29: =IF(C29="","",TEXT(C29,"yyyy-mm")) | L29: =IF(K29="","",ROUND(K29*0.1,0)) | M29: =IF(K29="","",K29+L29) | O29: =IF(M29="","",M29-N29)
A30: 26 | B30: =IF(C30="","",TEXT(C30,"yyyy-mm")) | L30: =IF(K30="","",ROUND(K30*0.1,0)) | M30: =IF(K30="","",K30+L30) | O30: =IF(M30="","",M30-N30)
A31: 27 | B31: =IF(C31="","",TEXT(C31,"yyyy-mm")) | L31: =IF(K31="","",ROUND(K31*0.1,0)) | M31: =IF(K31="","",K31+L31) | O31: =IF(M31="","",M31-N31)
A32: 28 | B32: =IF(C32="","",TEXT(C32,"yyyy-mm")) | L32: =IF(K32="","",ROUND(K32*0.1,0)) | M32: =IF(K32="","",K32+L32) | O32: =IF(M32="","",M32-N32)
A33: 29 | B33: =IF(C33="","",TEXT(C33,"yyyy-mm")) | L33: =IF(K33="","",ROUND(K33*0.1,0)) | M33: =IF(K33="","",K33+L33) | O33: =IF(M33="","",M33-N33)
A34: 30 | B34: =IF(C34="","",TEXT(C34,"yyyy-mm")) | L34: =IF(K34="","",ROUND(K34*0.1,0)) | M34: =IF(K34="","",K34+L34) | O34: =IF(M34="","",M34-N34)
A35: 31 | B35: =IF(C35="","",TEXT(C35,"yyyy-mm")) | L35: =IF(K35="","",ROUND(K35*0.1,0)) | M35: =IF(K35="","",K35+L35) | O35: =IF(M35="","",M35-N35)
... A41: 37 | B41: =IF(C41="","",TEXT(C41,"yyyy-mm")) | L41: =IF(K41="","",ROUND(K41*0.1,0)) | M41: =IF(K41="","",K41+L41) | O41: =IF(M41="","",M41-N41)
A42: 전체 합계 | K42: =SUM(K5:K41) -> 1745000 | L42: =SUM(L5:L41) -> 174500 | M42: =SUM(M5:M41) -> 1919500 | N42: =SUM(N5:N41) -> 160000 | O42: =SUM(O5:O41) -> 1759500

Sheet 월별요약
A1: 월별 지급·지불 현황
A2: 예약장부를 채우면 자동 집계됩니다.
A4: 월 | B4: 픽업 | C4: 드랍오프 | D4: 총 건수 | E4: 공급가 | F4: 세금(10%) | G4: 세금포함 총액 | H4: 호스트 부담
A5: 2026-07 | B5: =COUNTIFS(예약장부!$B$5:$B$41,$A5,예약장부!$E$5:$E$41,"픽업") -> 10 | C5: =COUNTIFS(예약장부!$B$5:$B$41,$A5,예약장부!$E$5:$E$41,"드랍오프") -> 1 | D5: =B5+C5 -> 11 | E5: =SUMIFS(예약장부!$K$5:$K$41,예약장부!$B$5:$B$41,$A5) -> 1015000 | F5: =SUMIFS(예약장부!$L$5:$L$41,예약장부!$B$5:$B$41,$A5) -> 101500 | G5: =SUMIFS(예약장부!$M$5:$M$41,예약장부!$B$5:$B$41,$A5) -> 1116500 | H5: =SUMIFS(예약장부!$O$5:$O$41,예약장부!$B$5:$B$41,$A5) -> 1116500
A6: 2026-08 | B6: =COUNTIFS(예약장부!$B$5:$B$41,$A6,예약장부!$E$5:$E$41,"픽업") -> 6 | C6: =COUNTIFS(예약장부!$B$5:$B$41,$A6,예약장부!$E$5:$E$41,"드랍오프") -> 2 | D6: =B6+C6 -> 8 | E6: =SUMIFS(예약장부!$K$5:$K$41,예약장부!$B$5:$B$41,$A6) -> 730000 | F6: =SUMIFS(예약장부!$L$5:$L$41,예약장부!$B$5:$B$41,$A6) -> 73000 | G6: =SUMIFS(예약장부!$M$5:$M$41,예약장부!$B$5:$B$41,$A6) -> 803000 | H6: =SUMIFS(예약장부!$O$5:$O$41,예약장부!$B$5:$B$41,$A6) -> 643000
A7: 2026-09 | B7: =COUNTIFS(예약장부!$B$5:$B$41,$A7,예약장부!$E$5:$E$41,"픽업") -> 0 | C7: =COUNTIFS(예약장부!$B$5:$B$41,$A7,예약장부!$E$5:$E$41,"드랍오프") -> 0 | D7: =B7+C7 -> 0 | E7: =SUMIFS(예약장부!$K$5:$K$41,예약장부!$B$5:$B$41,$A7) -> 0 | F7: =SUMIFS(예약장부!$L$5:$L$41,예약장부!$B$5:$B$41,$A7) -> 0 | G7: =SUMIFS(예약장부!$M$5:$M$41,예약장부!$B$5:$B$41,$A7) -> 0 | H7: =SUMIFS(예약장부!$O$5:$O$41,예약장부!$B$5:$B$41,$A7) -> 0
A8: 2026-10 | B8: =COUNTIFS(예약장부!$B$5:$B$41,$A8,예약장부!$E$5:$E$41,"픽업") -> 0 | C8: =COUNTIFS(예약장부!$B$5:$B$41,$A8,예약장부!$E$5:$E$41,"드랍오프") -> 0 | D8: =B8+C8 -> 0 | E8: =SUMIFS(예약장부!$K$5:$K$41,예약장부!$B$5:$B$41,$A8) -> 0 | F8: =SUMIFS(예약장부!$L$5:$L$41,예약장부!$B$5:$B$41,$A8) -> 0 | G8: =SUMIFS(예약장부!$M$5:$M$41,예약장부!$B$5:$B$41,$A8) -> 0 | H8: =SUMIFS(예약장부!$O$5:$O$41,예약장부!$B$5:$B$41,$A8) -> 0
A9: 2026-11 | B9: =COUNTIFS(예약장부!$B$5:$B$41,$A9,예약장부!$E$5:$E$41,"픽업") -> 0 | C9: =COUNTIFS(예약장부!$B$5:$B$41,$A9,예약장부!$E$5:$E$41,"드랍오프") -> 0 | D9: =B9+C9 -> 0 | E9: =SUMIFS(예약장부!$K$5:$K$41,예약장부!$B$5:$B$41,$A9) -> 0 | F9: =SUMIFS(예약장부!$L$5:$L$41,예약장부!$B$5:$B$41,$A9) -> 0 | G9: =SUMIFS(예약장부!$M$5:$M$41,예약장부!$B$5:$B$41,$A9) -> 0 | H9: =SUMIFS(예약장부!$O$5:$O$41,예약장부!$B$5:$B$41,$A9) -> 0
A10: 2026-12 | B10: =COUNTIFS(예약장부!$B$5:$B$41,$A10,예약장부!$E$5:$E$41,"픽업") -> 0 | C10: =COUNTIFS(예약장부!$B$5:$B$41,$A10,예약장부!$E$5:$E$41,"드랍오프") -> 0 | D10: =B10+C10 -> 0 | E10: =SUMIFS(예약장부!$K$5:$K$41,예약장부!$B$5:$B$41,$A10) -> 0 | F10: =SUMIFS(예약장부!$L$5:$L$41,예약장부!$B$5:$B$41,$A10) -> 0 | G10: =SUMIFS(예약장부!$M$5:$M$41,예약장부!$B$5:$B$41,$A10) -> 0 | H10: =SUMIFS(예약장부!$O$5:$O$41,예약장부!$B$5:$B$41,$A10) -> 0
A11: 합계 | B11: =SUM(B5:B10) -> 16 | C11: =SUM(C5:C10) -> 3 | D11: =SUM(D5:D10) -> 19 | E11: =SUM(E5:E10) -> 1745000 | F11: =SUM(F5:F10) -> 174500 | G11: =SUM(G5:G10) -> 1919500 | H11: =SUM(H5:H10) -> 1759500
A13: 입금 현황 (전체 기간)
A14: 입금완료 건수 | C14: =COUNTIF(예약장부!$P$5:$P$41,"입금완료") -> 8
A15: 입금완료 금액 | C15: =SUMIFS(예약장부!$O$5:$O$41,예약장부!$P$5:$P$41,"입금완료") -> 797500
A16: ★ 입금예정 건수 (지금 지급) | C16: =COUNTIF(예약장부!$P$5:$P$41,"입금예정") -> 6
A17: ★ 입금예정 금액 (지금 지급) | C17: =SUMIFS(예약장부!$O$5:$O$41,예약장부!$P$5:$P$41,"입금예정") -> 616000
A18: 미입금 건수 (향후) | C18: =COUNTIF(예약장부!$P$5:$P$41,"미입금") -> 5
A19: 미입금 금액 (향후) | C19: =SUMIFS(예약장부!$O$5:$O$41,예약장부!$P$5:$P$41,"미입금") -> 346000
A21: ※ 기사 지급 완료 시 예약장부의 입금상태를 '입금완료'로 변경하세요.

Sheet 요금표
A1: 픽업 / 드랍오프 요금표
A2: 출처: 호스트 제공 요금 기준 · 표기 금액은 세금 별도(공급가)
A4: 구간 | B4: 1~4명 | C4: 5~7명 | D4: 비고
A5: 인천공항 → 이태원 | B5: 90000 | C5: 100000
A6: 이태원 → 인천공항 | B6: 80000 | C6: 90000
A7: 김포공항 → 이태원 | B7: 80000 | C7: 80000 | D7: 5~7명 기준
A8: 인천공항 → 홍대 | B8: 85000 | C8: 90000
A9: 홍대 → 인천공항 | B9: 75000 | C9: 80000
A10: 서울역 → 이태원 | B10: 50000 | C10: 50000 | D10: 편도
A11: 일산 → 이태원 | B11: 70000 | C11: 70000 | D11: 편도
A12: 용인 에버랜드 → 이태원 | B12: 90000 | C12: 90000 | D12: 편도
A13: 남이섬 투어 | B13: 370000 | C13: 370000 | D13: 하루
A14: DMZ 투어 | B14: 320000 | C14: 320000 | D14: 당일
A15: 서울시내 투어 | B15: 320000 | C15: 320000 | D15: 당일
A16: T1 ⇄ T2 경유비 | B16: 20000 | C16: 20000 | D16: 터미널 경유 시
A17: 카시트 | B17: 10000 | C17: 10000 | D17: 1개당
A19: 도착지 주소
A20: 파키라하우스 | B20: 이태원 (이연공방 앞), 이태원로16길 45
A21: 스테이파키라 | B21: CU건물, 보광로59길 36
A22: 와우산로 | B22: 홍대
